{
  "quality": {
    "snr_min": 10.01771183463714,
    "snr_max": 17.57364911071457,
    "rpc_norm": 120.0,
    "ci_halfppm": 4.0
  },
  "range": {
    "1": [
      1.1,
      -0.5
    ],
    "2": [
      0.9902245534792279,
      -0.40925953510417407
    ],
    "3": [
      1.1,
      -0.5
    ]
  }
}